dev_loss,dev_accuracy,dev_pos_precision,dev_pos_recall,dev_pos_f1,dev_neg_precision,dev_neg_recall,dev_neg_f1,dev_f1_macro,dev_f1_micro,dev_f1_weighted,dev_runtime,dev_samples_per_second,dev_steps_per_second,epoch
0.4766835868358612,0.8631547078413564,0.6546134663341646,0.75,0.6990679094540613,0.9300279888044782,0.8935843257779486,0.9114420062695925,0.8052549578618269,0.8631547078413564,0.8664338719157105,111.1914,29.706,0.935,3.0
