test_loss,test_accuracy,test_pos_precision,test_pos_recall,test_pos_f1,test_neg_precision,test_neg_recall,test_neg_f1,test_f1_macro,test_f1_micro,test_f1_weighted,test_runtime,test_samples_per_second,test_steps_per_second,epoch
0.5400534868240356,0.8719733656174334,0.6666666666666666,0.7914285714285715,0.7237099934683213,0.9409623938536191,0.8936251920122887,0.9166830805593854,0.8201965370138533,0.8719733656174334,0.8757989519383972,46.5442,70.986,2.234,3.0
