dev_loss,dev_accuracy,dev_pos_precision,dev_pos_recall,dev_pos_f1,dev_neg_precision,dev_neg_recall,dev_neg_f1,dev_f1_macro,dev_f1_micro,dev_f1_weighted,dev_runtime,dev_samples_per_second,dev_steps_per_second,epoch
0.42509227991104126,0.8555858310626703,0.6301050175029171,0.7714285714285715,0.6936416184971098,0.9345870809484873,0.8782174414137534,0.9055258467023173,0.7995837325997135,0.8555858310626703,0.8606215294926154,50.9105,64.879,2.043,3.0
