train_loss,train_accuracy,train_pos_precision,train_pos_recall,train_pos_f1,train_neg_precision,train_neg_recall,train_neg_f1,train_f1_macro,train_f1_micro,train_f1_weighted,train_runtime,train_samples_per_second,train_steps_per_second,epoch
0.12167860567569733,0.9569001400083248,0.845712513567995,0.9742765273311897,0.9054536399103511,0.9927920712784063,0.9522300638532815,0.972088122135908,0.9387708810231296,0.9569001400083248,0.957973018964959,400.4354,65.996,2.063,3.0
