dev_loss,dev_accuracy,dev_pos_precision,dev_pos_recall,dev_pos_f1,dev_neg_precision,dev_neg_recall,dev_neg_f1,dev_f1_macro,dev_f1_micro,dev_f1_weighted,dev_runtime,dev_samples_per_second,dev_steps_per_second,epoch
0.5999839901924133,0.8652739933393885,0.6556776556776557,0.7671428571428571,0.707044107965767,0.9343800322061192,0.8916634652324241,0.9125221151955967,0.8097831115806818,0.8652739933393885,0.8689754591069256,47.456,69.601,2.192,3.0
