Accuracy,Pos Precision,Pos Recall,Neg Precision,Neg Recall,Pos F1,Neg F1,F1 Macro,F1 Micro,F1 Weighted
0.8679987889797154,0.6621621621621622,0.77,0.9353153877059059,0.8943526699961583,0.7120211360634082,0.9143754909662215,0.8131983135148149,0.8679987889797154,0.8714908259853044
