Accuracy,Pos Precision,Pos Recall,Neg Precision,Neg Recall,Pos F1,Neg F1,F1 Macro,F1 Micro,F1 Weighted
0.8737893462469734,0.6723507917174177,0.7885714285714286,0.9403946838501812,0.8966973886328725,0.7258382642998028,0.9180263416551995,0.8219323029775012,0.8737893462469734,0.8773085286561748
