Accuracy,Pos Precision,Pos Recall,Neg Precision,Neg Recall,Pos F1,Neg F1,F1 Macro,F1 Micro,F1 Weighted
0.8643657281259461,0.6586901763224181,0.7471428571428571,0.9294539657233958,0.8958893584325778,0.7001338688085676,0.9123630672926447,0.8062484680506061,0.8643657281259461,0.8673856410320168
