Accuracy,Pos Precision,Pos Recall,Neg Precision,Neg Recall,Pos F1,Neg F1,F1 Macro,F1 Micro,F1 Weighted
0.8734866828087167,0.674074074074074,0.78,0.9382518043303929,0.8986175115207373,0.7231788079470198,0.9180070615927814,0.8205929347699006,0.8734866828087167,0.8767298892102048
