Accuracy,Pos Precision,Pos Recall,Neg Precision,Neg Recall,Pos F1,Neg F1,F1 Macro,F1 Micro,F1 Weighted
0.8631547078413564,0.6569620253164556,0.7414285714285714,0.927974532431357,0.8958893584325778,0.6966442953020134,0.9116497263487099,0.8041470108253617,0.8631547078413564,0.8660839371471697
