Accuracy,Pos Precision,Pos Recall,Neg Precision,Neg Recall,Pos F1,Neg F1,F1 Macro,F1 Micro,F1 Weighted
0.8743946731234867,0.6787954830614805,0.7728571428571429,0.9365775827682489,0.901689708141321,0.7227788911155645,0.9188025826648405,0.8207907368902025,0.8743946731234867,0.8772721395399938
