Accuracy,Pos Precision,Pos Recall,Neg Precision,Neg Recall,Pos F1,Neg F1,F1 Macro,F1 Micro,F1 Weighted
0.8725786924939467,0.6707466340269278,0.7828571428571428,0.9388821873743466,0.8966973886328725,0.7224785761371127,0.9173050481241406,0.8198918121306267,0.8725786924939467,0.8760282532116347
