Accuracy,Pos Precision,Pos Recall,Neg Precision,Neg Recall,Pos F1,Neg F1,F1 Macro,F1 Micro,F1 Weighted
0.867090523766273,0.6641509433962264,0.7542857142857143,0.9314194577352473,0.8974260468689973,0.7063545150501672,0.9141068284093132,0.8102306717297403,0.867090523766273,0.8700781819208476
