Accuracy,Pos Precision,Pos Recall,Neg Precision,Neg Recall,Pos F1,Neg F1,F1 Macro,F1 Micro,F1 Weighted
0.8652739933393885,0.661188369152971,0.7471428571428571,0.9295382165605095,0.8970418747598924,0.7015425888665325,0.9130009775171065,0.8072717831918195,0.8652739933393885,0.8681869078666671
