Accuracy,Pos Precision,Pos Recall,Neg Precision,Neg Recall,Pos F1,Neg F1,F1 Macro,F1 Micro,F1 Weighted
0.8731840193704601,0.6728167281672817,0.7814285714285715,0.9385788839823365,0.8978494623655914,0.7230667547918044,0.9177625122669284,0.8204146335293664,0.8731840193704601,0.8765134111069445
