accuracy,precision,recall,f1
0.9744201006546335,0.9010756192959583,0.9876741693461951,0.9423896369524459
