accuracy,precision,recall,f1
0.8716707021791767,0.6746835443037975,0.7614285714285715,0.7154362416107383
