accuracy,precision,recall,f1
0.8628519527702089,0.6589446589446589,0.7314285714285714,0.6932972241029113
