dev_loss,dev_accuracy,dev_pos_precision,dev_pos_recall,dev_pos_f1,dev_neg_precision,dev_neg_recall,dev_neg_f1,dev_f1_macro,dev_f1_micro,dev_f1_weighted,dev_runtime,dev_samples_per_second,dev_steps_per_second,epoch
0.6938691735267639,0.8610354223433242,0.657516339869281,0.7185714285714285,0.6866894197952218,0.9223798266351458,0.8993469074145217,0.9107177591908189,0.7987035894930203,0.8610354223433242,0.8632397581078888,51.7471,63.83,2.01,3.0
