dev_loss,dev_accuracy,dev_pos_precision,dev_pos_recall,dev_pos_f1,dev_neg_precision,dev_neg_recall,dev_neg_f1,dev_f1_macro,dev_f1_micro,dev_f1_weighted,dev_runtime,dev_samples_per_second,dev_steps_per_second,epoch
0.4862389862537384,0.8652739933393885,0.6872246696035242,0.6685714285714286,0.6777697320782042,0.9115179252479023,0.9181713407606608,0.9148325358851674,0.7963011339816859,0.8652739933393885,0.864592159662075,44.1106,74.88,2.358,3.0
